field,correct,incorrect,missing,hallucinated,total,accuracy_pct
commercial_register,0,3,0,0,3,0.0
early_repayment,1,0,2,0,3,33.33
public_subsidies,1,0,2,0,3,33.33
business_address,2,1,0,0,3,66.67
property_address,2,1,0,0,3,66.67
company_name,3,0,0,0,3,100.0
legal_form,3,0,0,0,3,100.0
date_of_incorporation,3,0,0,0,3,100.0
vat_id,3,0,0,0,3,100.0
property_type,3,0,0,0,3,100.0
property_name,3,0,0,0,3,100.0
purchase_price,3,0,0,0,3,100.0
financing_amount,3,0,0,0,3,100.0
purpose_of_use,3,0,0,0,3,100.0
equity_contribution,3,0,0,0,3,100.0
year_of_construction,3,0,0,0,3,100.0
total_area_m2,3,0,0,0,3,100.0
desired_loan_amount,3,0,0,0,3,100.0
term_years,3,0,0,0,3,100.0
monthly_installment,3,0,0,0,3,100.0
interest_rate,3,0,0,0,3,100.0
signature_city,3,0,0,0,3,100.0
signature_date,3,0,0,0,3,100.0
